{"cameraMode":{"drawMode":0,"name":"Shaded","section":"Shading Mode"},"sceneLighting":false,"audioPlay":false,"sceneViewState":{"showFog":true,"showMaterialUpdate":false,"showSkybox":false,"showFlares":true,"showImageEffects":true,"showParticleSystems":true},"in2DMode":false,"pivot":{"x":3.5419862270355226,"y":0.07982254773378372,"z":-0.13559061288833619},"rotation":{"x":-0.07968421280384064,"y":0.031989358365535739,"z":-0.0025589051656425,"w":-0.9963076114654541},"size":2.9382076263427736,"orthographic":false}